<?xml version="1.0"?>
<opencv_storage>
<stage3>
  <maxWeakCount>6</maxWeakCount>
  <stageThreshold>-6.0652214288711548e-01</stageThreshold>
  <weakClassifiers>
    <_>
      <internalNodes>
        0 -1 67345 2.8498461470007896e-03</internalNodes>
      <leafValues>
        5.1362681388854980e-01 -8.4474885463714600e-01</leafValues></_>
    <_>
      <internalNodes>
        0 -1 53486 2.2075618617236614e-03</internalNodes>
      <leafValues>
        -6.9965046644210815e-01 3.1815725564956665e-01</leafValues></_>
    <_>
      <internalNodes>
        0 -1 69978 -3.7702516419813037e-04</internalNodes>
      <leafValues>
        -7.4087512493133545e-01 3.0830094218254089e-01</leafValues></_>
    <_>
      <internalNodes>
        0 -1 44103 -1.7795737367123365e-03</internalNodes>
      <leafValues>
        3.0603730678558350e-01 -6.3914060592651367e-01</leafValues></_>
    <_>
      <internalNodes>
        0 -1 30959 1.0011316277086735e-02</internalNodes>
      <leafValues>
        -5.9279787540435791e-01 3.3610215783119202e-01</leafValues></_>
    <_>
      <internalNodes>
        0 -1 64906 -3.1855762936174870e-03</internalNodes>
      <leafValues>
        6.3677996397018433e-01 -3.2176285982131958e-01</leafValues></_></weakClassifiers></stage3>
</opencv_storage>
