<?xml version="1.0"?>
<opencv_storage>
<stage4>
  <maxWeakCount>3</maxWeakCount>
  <stageThreshold>3.1087630987167358e-01</stageThreshold>
  <weakClassifiers>
    <_>
      <internalNodes>
        0 -1 36298 -3.4683931618928909e-02</internalNodes>
      <leafValues>
        -9.7959184646606445e-01 6.2186115980148315e-01</leafValues></_>
    <_>
      <internalNodes>
        0 -1 48698 -2.1764598786830902e-03</internalNodes>
      <leafValues>
        6.8346691131591797e-01 -6.8170619010925293e-01</leafValues></_>
    <_>
      <internalNodes>
        0 -1 69603 -2.7460863930173218e-04</internalNodes>
      <leafValues>
        -9.0815287828445435e-01 3.7072134017944336e-01</leafValues></_></weakClassifiers></stage4>
</opencv_storage>
