<?xml version="1.0"?>
<opencv_storage>
<stage3>
  <maxWeakCount>4</maxWeakCount>
  <stageThreshold>-4.5036536455154419e-01</stageThreshold>
  <weakClassifiers>
    <_>
      <internalNodes>
        0 -1 56452 3.2994637149386108e-04</internalNodes>
      <leafValues>
        6.7391306161880493e-01 -8.3206105232238770e-01</leafValues></_>
    <_>
      <internalNodes>
        0 -1 56413 -2.3417361080646515e-04</internalNodes>
      <leafValues>
        -9.0459102392196655e-01 4.8835039138793945e-01</leafValues></_>
    <_>
      <internalNodes>
        0 -1 43353 -1.4901245012879372e-02</internalNodes>
      <leafValues>
        8.5142654180526733e-01 -5.6423878669738770e-01</leafValues></_>
    <_>
      <internalNodes>
        0 -1 69973 -6.0146227042423561e-05</internalNodes>
      <leafValues>
        -7.0193898677825928e-01 4.5758411288261414e-01</leafValues></_></weakClassifiers></stage3>
</opencv_storage>
