<?xml version="1.0"?>
<opencv_storage>
<stage13>
  <maxWeakCount>7</maxWeakCount>
  <stageThreshold>-3.5085910558700562e-01</stageThreshold>
  <weakClassifiers>
    <_>
      <internalNodes>
        0 -1 58442 5.7633384130895138e-04</internalNodes>
      <leafValues>
        5.7879233360290527e-01 -7.0833331346511841e-01</leafValues></_>
    <_>
      <internalNodes>
        0 -1 5358 1.6691949218511581e-02</internalNodes>
      <leafValues>
        -2.7523997426033020e-01 8.2123488187789917e-01</leafValues></_>
    <_>
      <internalNodes>
        0 -1 33971 7.7781078289262950e-05</internalNodes>
      <leafValues>
        -5.2979594469070435e-01 4.1940134763717651e-01</leafValues></_>
    <_>
      <internalNodes>
        0 -1 19058 7.2498209774494171e-02</internalNodes>
      <leafValues>
        2.2870397567749023e-01 -9.1071408987045288e-01</leafValues></_>
    <_>
      <internalNodes>
        0 -1 4867 -5.4560322314500809e-03</internalNodes>
      <leafValues>
        6.3904380798339844e-01 -3.6669382452964783e-01</leafValues></_>
    <_>
      <internalNodes>
        0 -1 73541 1.7884422559291124e-03</internalNodes>
      <leafValues>
        -3.4799805283546448e-01 6.0223370790481567e-01</leafValues></_>
    <_>
      <internalNodes>
        0 -1 34868 -1.6028599347919226e-03</internalNodes>
      <leafValues>
        6.9930076599121094e-01 -3.0980199575424194e-01</leafValues></_></weakClassifiers></stage13>
</opencv_storage>
